{
  "batch_name": "20250625_101610",
  "num_runs": 200,
  "max_zealots": 100,
  "max_morality": 100,
  "elapsed_time": 33301.9912776947,
  "total_combinations": 14,
  "saved_at": "2025-06-25T19:31:12.089665"
}