{
  "batch_name": "20250629_004129",
  "num_runs": 200,
  "max_zealots": 100,
  "max_morality": 100,
  "elapsed_time": 26459.450889587402,
  "total_combinations": 14,
  "saved_at": "2025-06-29T08:02:28.507946"
}